Institution ID,Institution Name,City,State/Province,Country
INST0001,Beihang Univeristy,Beijing,Beijing,China
INST0002,North China Electric Power Univercity,Changping,Beijing,China
INST0003,Sichuan University,Chengdu,Sichuan,China
INST0004,"Shandong University, Shandong, China",Jinan,Shandong,China
INST0005,Sun Yat-sen University,GuangZhou,GuangDong,China
INST0006,BeiJing University Of Post And Telecommunication,Beijing,Beijing,China
INST0007,"South China Normal University, Guangzhou, P.R. China",Guangzhou,Guangdong,China
INST0008,Shanghai University of Finance and Economics,Shanghai,Shanghai,China
INST0009,Nankai University,Tianjin,Tianjin,China
INST0010,Shanghai University of Electric Power,Shanghai,,China
INST0011,Huazhong Agricultural University,Wuhan,Hubei,China
INST0012,South-west Jiaotong University,CHENGDU,SICHUAN,China
INST0013,BNU-HKBU United International College,Zhuhai,Guangdong,China
INST0014,Tianjin University of Commerce,Tianjin,China Mainland,China
INST0015,High School Affiliated to People's University (RDFZ),Beijing,,China
INST0016,South Western University of Finance and Economics,Chengdu,Sichuan,China
INST0017,Huazhong Agriculture University,WuHan,Hubei,China
INST0018,shenyang jianzhu university,shenyang,Liaoning,China
INST0019,Idaho State University,Pocatello,ID,USA
INST0020,University of Science and Technology of China,Hefei,Anhui,China
INST0021,Nankai University,Tianjin Province,,China
INST0022,Northwestern Polytechnical University,Xi'an,Shaanxi,China
INST0023,Tongji University,shanghai,Shanghai,China
INST0024,SUN YAT-SEN UNIVERSITY,GUANG ZHOU,Guang dong,China
INST0025,Shijiazhuang Tiedao University,Shijiazhuang,Hebei,China
INST0026,Wu Han University,Wuhan,Hubei,China
INST0027,Fudan University,Shanghai,Shanghai,China
INST0028,Shanxi University,Taiyuan,Shanxi,China
INST0029,South-Central University for Nationalities,WuHan,HuBei,China
INST0030,Chongqing University,Chongqing,Chongqing,China
INST0031,South China Normal University,Guangzhou,Guangdong,China
INST0032,Economics,beijing,beijing,China
INST0033,East China University Of Science And Technology,Shanghai,Shanghai,China
INST0034,Beijing National Day School,Beijing,,China
INST0035,Beijing University of Aeronautics and Astronautics,Beijing,Beijing,China
INST0036,.Renmin University of China,Beijing,Beijing,China
INST0037,school of mathematics,shanghai,shanghai,China
INST0038,University of International Business and Economics,Beijing,China,China
INST0039,Shandong Institute of Business and Technology,Yantai,Shandong,China
INST0040,Officer's college of CAPF,ChengDu,SiChuan,China
INST0041,"School of Information, Renmin University of China",Beijing,Beijing,China
INST0042,Panzhihua University,Pan Zhihua,SiChuan,China
INST0043,Peking University,Beijing,Beijing,China
INST0044,Donghua University,Shanghai,Shanghai,China
INST0045,Beijing Normal University,Beijing,China,China
INST0046,East China Institute of Technology,Nanchang,Jiangxi,China
INST0047,Guangdong University of Foreign Studies,Guangzhou,Guangdong,China
INST0048,Capital University of Economics and Business,Beijing,Beijing,China
INST0049,Institute of Microelectronics,Beijing,Beijing,China
INST0050,"Nankai university ,China",Tianjing,Tianjing,China
INST0051,Lanzhou university,lanzhou,Gansu,China
INST0052,Nanjing University,"Haian,Nantong",Jiangsu,China
INST0053,Xi'an University of Posts and Telecommunications,Xi'an,Shaanxi,China
INST0054,Southern Medical University,Guangzhou,Guangdong Province,China
INST0055,Harbin Institute of Technology,Harbin,Heilongjiang,China
INST0056,Sichuan University,Chengdu,Chengdu,China
INST0057,Dalian Maritime University,Dalian,Liaoning,China
INST0058,Zhejiang University,Hangzhou,Zhejiang,China
INST0059,Zhongnan University of Economics and Law,Wuhan,Hubei,China
INST0060,ZUEL,wuhan,hubei,China
INST0061,East China Normal University,Shanghai,Shanghai,China
INST0062,Shanxi University,"Taiyuan , Shanxi",,China
INST0063,"FuYang Normal College, AnHui, China.",FuYang,,China
INST0064,"Fuyang Normal College, Anhui province, China.",Fuyang,yingzhou,China
INST0065,Shanghai Jiao Tong University,Shanghai,Shanghai,China
INST0066,Shanghai Jiao Tong University,Shang Hai,Shang Hai,China
INST0067,North China Electric Power University,Baoding,Hebei Province,China
INST0068,Hainan University,HaiKou,HaiNan,China
INST0069,School of Electrical Engineering,Wuhan,Hubei,China
INST0070,Sacred Heart University,Fairfield,CT,USA
INST0071,"School of Engineering, Sun Yat-Sen University",Guangzhou,Guangdong,China
INST0072,South China Normal University,Guangzhou City,Guangdong,China
INST0073,WuHan University Of Tecnology,WuHan,HuBei,China
INST0074,Shandong University of Science and Technology,Qingdao,P.R.China,China
INST0075,Shenyang Pharmaceutical University,Benxi,Liaoning,China
INST0076,"School of Reliability and Systems Engineering,Beihang University",Beijing,Beijing,China
INST0077,Yunnan Normal University,Kunming,Yunnan Province,China
INST0078,Columbia University,New York,NY,USA
INST0079,South China Agricultural University,Guangzhou,Guangdong,China
INST0080,Tianjin University of Commerce,Tianjin,Tianjin,China
INST0081,the city college of jilin jianzhu university,Changchun City,jilin,China
INST0082,Beijing University of Technology,Beijing,Beijing,China
INST0083,Southwestern University of Finance and Economics,ChengDu,Wenjiang,China
INST0084,Taiyuan University,jinzhong,shanxi,China
INST0085,Dalian Institute of Science and Technology,Dalian,Liaoning,China
INST0086,Inner Mongolia Agricultural University,Hohhot,,China
INST0087,Dongbei University of Finance and Economics,Dalian,Liaoning Province,China
INST0088,University of International Business and Economics,Beijing,Beijing,China
INST0089,University of International Business and Economy,Beijing,Chaoyang,China
INST0090,University of International Business and Economics of China,Beijing,,China
INST0091,Shanghai Universtiy of Finance and Economics,Shanghai,,China
INST0092,Undergraduate course,Xi'an,Shan Xi,China
INST0093,Hefei No.8 high school,Hefei,Anhui,China
INST0094,RENMIN UNIVERSITY of CHINA,Beijing,China,China
INST0095,Beijing Normal University,Beijing,Beijing,China
INST0096,Communication University of China,Beijing,,China
INST0097,Civil Aviation University of China,Tianjin,TianJin,China
INST0098,"College of Science, Northeastern University, China",Shenyang,Liaoning,China
INST0099,Southeast University,NANJING,JIANGSU,China
INST0100,University of International Business and Economics,Beijing,Asia,China
INST0101,Xiamen University,Xiamen,Fujian,China
INST0102,South-Central University for Nationalities,Wu han,Hu bei,China
INST0103,University of Internetional Business and Economics,Beijing,Beijing,China
INST0104,Shanghai University of Financial & Economics,Shanghai,,China
INST0105,Hexi University,Zhangye,Gansu,China
INST0106,Beijing Institute of Technology,Beijing,Beijing,China
INST0107,Nanjing University,Nanjing,Jiangsu,China
INST0108,Xi'an University of Architecture and Technology,Xi' an,Shaanxi,China
INST0109,University of Shanghai for Science and Technology,Shanghai,Shanghai,China
INST0110,Universith of International Business and Economics,Beijing,,China
INST0111,Southwest University of Finance and Economics,Chengdu,Sichuan,China
INST0112,University of Business and Economics,Beijing,Beijing,China
INST0113,Nanjing University,Nanjing,Jiangsu Province,China
INST0114,Cheng Yi College of Jimei University,Xiamen,Fujian,China
INST0115,USTC,Hefei,Anhui,China
INST0116,university of international business and economics,Beijing China,Beijing,China
INST0117,"University of International Business and Economics, China",Beijing,Beijing,China
INST0118,UIBE,Beijing,Beijing,China
INST0119,Shanghai Jiao Tong Univeresity,Shanghai,Shanghai,China
INST0120,Sichuan Uinversity,Chengdu,Sichuan,China
INST0121,Sun Yat-sen University&Peking University&Peking University,Guangzhou,,China
INST0122,School of Statistics,Beijing,,China
INST0123,Shandong university,Jinan,Shandong,China
INST0124,Sichuan University,Chengdu,SichuanÂ ,China
INST0125,Guangdong University of Finance,Guangzhou,GuangDong,China
INST0126,Nanjing University of Information Science & Technology,"Nanjing,Jiangsu Province",,China
INST0127,Zhejiang University,Hang Zhou,Zhe Jiang,China
INST0128,Wheaton College (IL),Wheaton IL,IL,USA
INST0129,Heilongjiang College of Construction,Harbin,Heilongjiang,China
INST0130,Shenyang Normal University,Shenyang,Liaoning,China
INST0131,Ningxia University,Yinchuan,the Ningxia Hui Autonomous Region,China
INST0132,Minzu University of China,Beijing,Beijing,China
INST0133,Shiyuan College of Guangxi Teachers Education University,Nanning,Guangxi,China
INST0134,Beijing Normal University,Bei Jing,Bei Jing,China
INST0135,Yangtze University,Jingzhou,Hubei,China
INST0136,Nanjing University of Information Science and Technology,Nanjing,Jiangsu,China
INST0137,Hangzhou Normal University,Hangzhou,Zhejiang,China
INST0138,Changchun University of Science and Technology,Changchun,Jilin,China
INST0139,Nanjing University of Information Science & Technology,Nanjing,Jiangsu,China
INST0140,Heilongjiang University,Harbin,Heilongjiang,China
INST0141,Changchun University of Science and Technology,Changchun,Ji Lin,China
INST0142,Zhongnan University Of Economics And Laws,Wuhan,Hubei,China
INST0143,He'nan Normal University,xinxiang,Henan,China
INST0144,Central University of Finance and Ecomomics,Beijing,Asia,China
INST0145,"State University of New York, University at Buffalo",Buffalo,NY,USA
INST0146,Huazhon university of science and technology,Wuhan,Hubei,China
INST0147,North China ELectric Power University,Beijing,BEIJING,China
INST0148,BeijingÂ UniversityÂ ofÂ Post and Telecommunication,Beijing,Beijing,China
INST0149,School of Mathematics,BeiJing,,China
INST0150,Kunming University of Science and Technology,Kunming,Yunnan,China
INST0151,Sichuan Agricultural University,Ya'an,Sichuan,China
INST0152,South University of Science and Technology of China,Shenzhen,Guangdong,China
INST0153,University of Science and Technology Beijing,Beijing,Beijing,China
INST0154,University of International and Economics,Beijing,,China
INST0155,Universitiy of International Business and Economics,Beijing,,China
INST0156,University of International Business and Economics,Beijing,Chaoyang,China
INST0157,Southeast University,Nanjing,Jiangsu Provience,China
INST0158,The University of International Business and Economics,Being,,China
INST0159,University of International Business and Econmics,Beijing,Beijing,China
INST0160,Shandong University of Science and Technology,Qingdao,Shandong,China
INST0161,IUPUI,Indianapolis,IN,USA
INST0162,Anqing Normal University,Anqing,Anhui,China
INST0163,Ningbo University,Ningbo,ZheJiang,China
INST0164,Southeast University,Nanjing,Jiangsu Province,China
INST0165,Statistic,Beijing,,China
INST0166,Zhengzhou University,Zhengzhou,Henan,China
INST0167,University of International Business and Economics,Beijng,,China
INST0168,University of International and Business Economics,"Beijing,China",,China
INST0169,University of Colorado Boulder,Boulder,CO,USA
INST0170,"Beijing Normal University, Zhuhai",Zhuhai,Guangdong,China
INST0171,"Beijing Normal University, Zhuhai",Zhuhai City,Guangdong,China
INST0172,The University of International Business and Economics,Beijing,Beijing,China
INST0173,University of International Business&Economics,Beijing,Beijing,China
INST0174,Chengdu University of Information Technology,Chengdu City,Si Chuan Province,China
INST0175,"Math Institution ,Beihang University",Beijing,China,China
INST0176,"No. 10, Huixin Dongjie, Chaoyang District, Beijing, P.R. China",Beijing,Beijing,China
INST0177,Beijing Forestry University,Beijing,Beijing,China
INST0178,Beihua University,Jilin,Jilin,China
INST0179,Minzu University of China,Beijng,,China
INST0180,School of mathematics and statistics,Beijing,Beijing,China
INST0181,PLA Imformation Engineering University,ZhengZhou,HeNan,China
INST0182,Xi'an University of architecture and technology,Xi'an,Shanxi,China
INST0183,Shandong Normal University,Jinan,Shandong,China
INST0184,Tianjin University of Science and Technology,TianJin,TianJin,China
INST0185,Inner Mongolia University,Hohhot,Inner Monglia,China
INST0186,University of International Business and Economy,Beijing,Beijing,China
INST0187,Qingdao Technical Colleage,Qingdao,Shandong,China
INST0188,Undergraduate course,Beijing,Beijing,China
INST0189,Heilongjiang University,Harbin,Heilongjiang Province,China
INST0190,Hohai University,Nanjing,Jiangsu,China
INST0191,"National Engineering Research Center for Multimedia Software, Wuhan University",Wuhan,Hubei,China
INST0192,Guangdong University of Technology,Guangzhou,Guangdong,China
INST0193,East China Normal University,Shanghai,East China,China
INST0194,SOUTH WEST JIAOTONG UNIVERSITY,CHENG DU,SI CHUAN,China
INST0195,Economics,Beijing,Bejing,China
INST0196,Shanghai University of Finance and Ecomonics,Shanghai,,China
INST0197,China University of Geosciences (Wuhan),Wuhan,Hubei,China
INST0198,South China Normal University,Guang Zhou,Guang Dong,China
INST0199,University,Beijing,,China
INST0200,Sichuan Agriculture University,Chengdu,Sichuan,China
INST0201,Anhui University Of Science & Technology,Huainan,Anhui,China
INST0202,SYSU,Guangzhou,Guangzhou,China
INST0203,The University Of International Business Economics,Beijing,Beijing,China
INST0204,Qinghai University,Xining,Qinghai,China
INST0205,Zhengzhou University,Zhengzhou,Henan Province,China
INST0206,Shanghai University of Finanace and Economics,Shanghai,Shanghai,China
INST0207,Business School of the University of International Business and Economics,Beijing,Beijing,China
INST0208,"Heilongjiang University, China",Harbin,Heilongjiang,China
INST0209,Tianjin Foreign Studies University,Tianjin,Tianjin,China
INST0210,South China University of Technology,Guangzhou,Guangdong,China
INST0211,East China Normal University,Shang Hai,Shang Hai,China
INST0212,Harbin Institute of Technology,Weihai,Shandong,China
INST0213,Central China Normal University,Wuhan,HUBEI,China
INST0214,Southeast University,Nanjing,Jiangsuprovince,China
INST0215,Tsinghua University,Beijing,China,China
INST0216,Heilongjiang Institute of Technology,"Harbin,Heilongjiang Province,China",Heilongjiang,China
INST0217,Shenyang Aerospace University,Shenyang,Liaoning,China
INST0218,China Pharmaceutical University,Nanjing City,Jiangsu,China
INST0219,XIDIAN UNIVERSITY,Xi'an,Shaanxi,China
INST0220,South China Normal University,"Guangzhou, Guangdong, China",,China
INST0221,Renmin University,Beijing,Beijing,China
INST0222,Shenyang University,ShenYang,LiaoNing,China
INST0223,Nankai University,"Nankai, Tianjin",Tianjin,China
INST0224,Tian Jin University,TianJin,TianJin,China
INST0225,"School of Mathematical Sciences, Beijing Normal University",Beijing,Beijing,China
INST0226,South China Normal Univercity,Guangzhou,China,China
INST0227,Dalian University of Technology,Dalian,Liaoning,China
INST0228,Central University of Finance and Ecomomics,Beijng,,China
INST0229,Nanjing University of Posts and Telecommunications,Nanjing,JiangSu,China
INST0230,Huangzhong University of Science and Technology,Wuhan,Hubei,China
INST0231,South China Institute of Software Engineering. GU,Guangzhou,Guangdong,China
INST0232,Ocean University of China,Shandong,Qingdao,China
INST0233,College of Petroleum Engineering,Qingdao,Shandong,China
INST0234,Henan Normal University,Xin'xiang,Henan Province,China
INST0235,The Huazhong University of Science and Technology,Wuhan,Hubei Province,China
INST0236,China University of Geosciences,Wuhan,Hubei,China
INST0237,Ocean University of China,Tsingtao,Shandong,China
INST0238,Shanghai University of Finance & Economics,Shanghai,Shanghai,China
INST0239,professor,Beijing,,China
INST0240,BeiJing University Of Post And Telecommunication,Beijing,Haidian,China
INST0241,China University of Petroleum,Qingdao,Shandong,China
INST0242,Ocean University of China,Qingdao,Shandon,China
INST0243,Changsha University,Changsha,Hunan,China
INST0244,Jinjiang College of Sichuan University,meishan,Sichuan,China
INST0245,Ocean University of China,Qingdao,Shandong,China
INST0246,University of Michigan-Shanghai Jiao Tong University Joint Institute,Shanghai,,China
INST0247,Sichuan Normal University,Chengdu,Sichuan,China
INST0248,Wuhan University of Science and Technology,Wuhan,Hubei,China
INST0249,Zhejiang University,Ningbo,Zhejiang,China
INST0250,Jilin University,Changchun,Jilin Province,China
INST0251,Jilin University of Finance and Economics,Changchun,Jinlin,China
INST0252,China University of Petroleum (East China),Qingdao,Shandong,China
INST0253,shenyang pharmaceutical university,Shenyang,liaoning,China
INST0254,Sichuan University Jinjiang College,meishan,Sichuan,China
INST0255,Huazhong University of Science & Technology,Wuhan,Hubei,China
INST0256,Tsinghua University,Haidian,Beijing,China
INST0257,South China University of China,Guangzhou,,China
INST0258,Huazhong University Of Science & Technlology,Wuhan,Hubei,China
INST0259,South China Normal University,Qingdao,Shandong,China
INST0260,Zhejiang University,Hangzhou,Zhejiang Province,China
INST0261,Tsinghua University,Beijing,Beijing,China
INST0262,Tsinghua Univeristy,Beijing,Beijing,China
INST0263,Jilin University.,Changchun,Jilin,China
INST0264,shanghai Normal University,shanghai,China,China
INST0265,Zhejiang Normal University,Jinhua,Zhejiang,China
INST0266,Stanford University,Stanford,CA,USA
INST0267,University of Macau,macau,macau,China
INST0268,Yunnan University,Kunming,Yunnan,China
INST0269,Tianjin University of Technology and Education,Tianjin,Tianjin,China
INST0270,Hebei University of Technology,Tianjin,Tianjin,China
INST0271,Hebei Normal University,Shijiazhuang,Hebei,China
INST0272,Ocean university of China,Qingdao,Sandong,China
INST0273,China University of Petroleum,Qingdao city,Shandong,China
INST0274,North China Electric Power University Baoding,Baoding,Hebei,China
INST0275,Huazhong University of Science and Technology,Wuhan,Hubei,China
INST0276,Capital Medical University,Beijing,Beijing,China
INST0277,Zhongnan University of Economics and Law,Wuhan,Hubei province,China
INST0278,Luoyang Institute of Science and Technology,Luoyang,Henan,China
INST0279,Shanghai university of finace and economic,Shanghai,Shanghai,China
INST0280,Informantion Engineering,Dalian,Liaoning,China
INST0281,Iinformantion Engineering,Dalian,Liaoning,China
INST0282,Changchun architecture &civil engineering college,Changchun,Jilin,China
INST0283,Shandong Agricultural University,Tai'an City,Shandong,China
INST0284,South China Normal University,Guangzhou,Guangdong Province,China
INST0285,Sun Yat-sen University,Zhuhai,Guangdong,China
INST0286,Shenyang Ligong University,Shenyang,Liaoning,China
INST0287,Information Engineering,Dalian,Liaoning,China
INST0288,Harbin University of Commerce,Harbin,Heilongjiang,China
INST0289,Chongqing Normal University,Chongqing,Chongqing,China
INST0290,China University of Geoscience (Wuhan),Wuhan,Hubei,China
INST0291,Lanzhou University of Technology,Lanzhou,Gansu,China
INST0292,Lan Zhou University of Technology,Lan Zhou,Gansu,China
INST0293,South China Agricultural University,Guangzhou,Tianhe,China
INST0294,Lan Zhou University of Technology,Lan Zhou,Gan Su,China
INST0295,Southwestern University of Finance and Economy,Chengdu,SiChuan,China
INST0296,China Three Gorges University,Yichang,Hubei,China
INST0297,East China University of Political Science and Law,Shanghai,Shanghai,China
INST0298,Shenyang Agricultural University,SHENYANG,LIAONING,China
INST0299,University of South China,Hengyang,Hunan,China
INST0300,Peking University,Peking,Peking,China
INST0301,Shandong Univercity,Jinan,Shandong Province,China
INST0302,SUNY New Paltz University,New Paltz,NY,USA
INST0303,"University of California, Los Angeles",Los Angeles,CA,USA
INST0304,Chongqing University,Shapingba district,Chongqing,China
INST0305,Dalian University,Dalian city,liaoning,China
INST0306,SHANGHAI UNIVERSITY OF FINANCE AND ECONAMICS,SHANGHAI,SHANGHAI,China
INST0307,Ocean University of China,Qingdao,Shangdong province,China
INST0308,University of Science and Technology of China (USTC),Hefei,Anhui,China
INST0309,TianJin University,TianJin China,TianJin,China
INST0310,Naval Aeronautical and Astronautical University,Yantai,Shandong,China
INST0311,Tianjin Polytechnic University,Tianjin,Tianjin,China
INST0312,"College of Science, North China University of Technology",Beijing,Beijing,China
INST0313,China University of Petroleum,Beijing,Beijing,China
INST0314,Liaoning University,Shenyang,Liaoning,China
INST0315,Tianjin University of Finance and Economics,Tianjin,Tianjin,China
INST0316,Gansu Agricultural University,Lanzhou,Gansu,China
INST0317,Southwest Jiaotong University Hope College Â ,Chengdu,Sichuan,China
INST0318,Beijing Technology and Business University,Beijing,,China
INST0319,Beijing Technology and Business University,Beijng,,China
INST0320,Central University of Finance and Ecomomics,BEIJING,BEIJING,China
INST0321,Shandong University(Weihai),Weihai,Shandong,China
INST0322,Southwestern University of Finance and Economics,Chengdu,Sichuan Province,China
INST0323,"The school of management, University of Science and Technology of China",Hefei,Anhui,China
INST0324,The University of Texas at Dallas,Richardson,TX,USA
INST0325,University of Manchester,Manchester,Manchester,United Kingdom
INST0326,Milligan College,Milligan College,TN,USA
INST0327,Northwestern Polytechnical University,xi 'an,Shanxi,China
INST0328,University of Electronic Science and Technology of China,Chengdu,Sichuan,China
INST0329,Shanghai Experimental School,Shanghai,Shanghai,China
INST0330,City University of Hong Kong,Kowloon,,Hong Kong
INST0331,Changsha University of Science & Technology,Changsha,Hunan,China
INST0332,nanjing university of finance&economics,nanjing,jiangsu,China
INST0333,Berlin School of Economics and Law,Berlin,Berlin,Germany
INST0334,Southwestern University of Finance and Economics,Chengdu,Si Chuan Province,China
INST0335,University of Science and Technology of China,"Hefei, Anhui",,China
INST0336,Nanjing University,Nanjing,China,China
INST0337,Tianjin University of Finance and Economics,Tianjin,China,China
INST0338,Ordos Collegeï¼ŒInner Mongolia University,Erdos,Inner Mongolia Autonomous Region,China
INST0339,Shenyang Institute of Engineering,Shenyang,Liaoning,China
INST0340,College of Applied Science.Jiang Xi University of Science and Technology,Ganzhou,Jiang Xi,China
INST0341,Jilin University of Finance and Economics,Changchun,Jilin Province,China
INST0342,Southwest Jiaotong University,"E'meishan,Leshan",Sichuan,China
INST0343,Chung Yuan Christian University,Chung Li,,Taiwan
INST0344,China University of Political Science and Law,Beijing,Beijing,China
INST0345,"College of Biochemical Engineering,Beijing Union University",Beijing,Beijing,China
INST0346,Zhejiang Sci-Tech University,Hangzhou,Zhejiang Province,China
INST0347,ShanDong University of Science and Technology4 years,Qingdao,Shandong,China
INST0348,Minzu University of China,Beijing,China,China
INST0349,Western Washington University,Bellingham,WA,USA
INST0350,Dalian Nationalities University,Dalian,China,China
INST0351,Dalian Nationalities University,Dalian,LIAONING,China
INST0352,DaLian JiaoTong University,Dalian,Liaoning,China
INST0353,University of International Relations,Beijing,Beijing,China
INST0354,China University of Political science and Law,BEJING,,China
INST0355,People's Public Security University of China,Beijing,Beijing,China
INST0356,Chengdu University of Technology,Chengdu,Sichuan,China
INST0357,Dongbei University of Finance and Economics,Dalian,Liaoning,China
INST0358,Henan University of Science and Technology,Luoyang,Henan,China
INST0359,Xi'an University of Finance and Economics,XI'AN,Shaanxi,China
INST0360,School of Mathematical and Physical Science,Beijing,,China
INST0361,Century College of Beijing University of Posts and Telecommunications,Beijing,Beijing,China
INST0362,Central China Normal University,Wuhan,China,China
INST0363,NC School of Science and Mathematics,Durham,NC,USA
INST0364,Woodside Priory School,Portola Valley,CA,USA
INST0365,Capital University of Economics and Business,BEI JING,BEI JING,China
INST0366,Business College of Shanxi University,Taiyuan,Shanxi,China
INST0367,Southwestern university of Finance and Economics,Chengdu,China,China
INST0368,East China University of Science and Technology,Shanghai,Fengxian,China
INST0369,Henan Polytechnic University,Jiaozuo City,Henan Province,China
INST0370,Southwestern University of Finance and Economincs,Chengdu,Sichuan,China
INST0371,Shenyang Agriculture University,Shenyang,Liaoning,China
INST0372,Shaanxi University of Technology,Hanzhong,Shaanxi,China
INST0373,Chongqing Technology and Business University,Chongqing,,China
INST0374,Xijing University,Xi'an,Shaanxi,China
INST0375,University of Macau,Macau,Macau SAR,China
INST0376,P.R.China Beijing Normal University,Beijing,Beijing,China
INST0377,Henan Normal University,Xinxiang,Henan Province,China
INST0378,Sichuan University,Sichuan,,China
INST0379,Mathematics,Shanghai,Shanghai,China
INST0380,Beihai College of Beihang University,Beihai,Guangxi,China
INST0381,UCSB,Santa Barbara,CA,USA
INST0382,Loyola University Maryland,Baltimore,MD,USA
INST0383,Wake Forest University,Winston Salem,NC,USA
INST0384,Wesleyan College,Macon,GA,USA
INST0385,"School of Architecture and Civil Engineering,Nantong University",Nan Tong,JiangSu,China
INST0386,Beijing University of Techonolgy,Beijing,Beijing,China
INST0387,College of science,Shanghai,Shanghai,China
INST0388,"Shanghai Jiaotong University, China",Shanghai,Shanghai,China
INST0389,New York University,New York,NY,USA
INST0390,"China University of Petroleum, Beijing",Beijing,,China
INST0391,Hexi Univercity,Zhangye,Gansu,China
INST0392,Southwestern University of Finance and Economic,Chengdu,Sichuan,China
INST0393,Beijing Normal University,Beijing,HaiDian,China
INST0394,Northwest University,Xiâ€™an,Shaanxi Province,China
INST0395,Northwest University,Xi'an,Shaanxi Province,China
INST0396,South-Central University for Nationalities,Haidian District,Beijing,China
INST0397,Jilin University,Changchun City,Jilin Province,China
INST0398,Northwest A&F University,Yangling,Shannxi Province,China
INST0399,Southwestern University of Financial and Economics,Chengdu,SiChuan,China
INST0400,Shanghai University,Shanghai,Shanghai,China
INST0401,Shandong University of Finance and Economics,Jinan,China,China
INST0402,Shenzhen Polytechnic,Shenzhen,GuangDong,China
INST0403,Qilu University Of Technology,Jinan,Shandong,China
INST0404,Central South University,Changsha,Hunan,China
INST0405,China Three Gorges University,Yi Chang,HuBei,China
INST0406,Zhejiang University,Hangzhou City,Zhejiang Province,China
INST0407,Shandong Jiaotong University,Ji Nan,Shan Dong,China
INST0408,Qingdao University,Qingdao,Shandong,China
INST0409,Software Engineering,ShangHai,,China
INST0410,South Western University of Finance and Economics,"Chengdu City,Sichuan Province",,China
INST0411,Shaanxi University of Science & Technology,Xi'an,,China
INST0412,Anhui University of Finance and Economics,Bengbu,Anhui,China
INST0413,Beijing Language and Culture University,Beijing,Beijing,China
INST0414,Hohai University Changzhou Campus,Changzhou,Jiangsu,China
INST0415,City University of Hong Kong,Hong Kong,,China
INST0416,Southwest University of Science and Technology,Mianyang,Sichuan,China
INST0417,Sichuan Agricultural University,Yaan,Sichuan,China
INST0418,Hohai University Wentian College,Maanshan,Anhui,China
INST0419,Shanghai Univisity,Shanghai,Shanghai,China
INST0420,Hohai University,Changzhou,JiangSu,China
INST0421,Shanghai univercity,Shanghai,Shanghai,China
INST0422,Central University of Finance and Ecomomics,Beijing,Beijing Municipality,China
INST0423,Shanghai Jiading No.1 High School,Shanghai,Shanghai,China
INST0424,Department of Mathematics,Shanghai,,China
INST0425,QuFu Normal University,Qufu,Shandong,China
INST0426,Shanghai Lixin University of Commerce,Shanghai,,China
INST0427,Shanghai University,Shanghai,baoshan,China
INST0428,Wuhan Polytechnic University,Wuhan,Hubei,China
INST0429,Beijing Jiaotong University,Beijing,,China
INST0430,Sichuan University,Wuxi,,China
INST0431,shanghai,shanghai,shanghai,China
INST0432,Xi'an Jiaotong University,Xi'an,Shaanxi,China
INST0433,USMA,West Point,NY,USA
INST0434,Nantong University,Nantong,Jiangsu,China
INST0435,HARBIN ENGINEERING UNIVERSITY,HARBIN,HEILONGJIANG,China
INST0436,Chong Qing University,Shapingba,ChongQing,China
INST0437,Neijiang Normal University,Neijiang,Sichuan,China
INST0438,China University of Petrolem(Beijing),Beijing,Beijing,China
INST0439,Beijing Institute of Technology,Beijing,Bejing,China
INST0440,Liaoning Technical University,Huludao,Liaoning,China
INST0441,Xi'an Jiaotong-Liverpool University,Suzhou,Jiangsu,China
INST0442,Xiangtan University,Xiangtan,Hunan,China
INST0443,Jiangxi Agricultural University,Nanchang,Jiangxi,China
INST0444,Changchun University Of Science and Technology,Changchun,Jinlin,China
INST0445,Nanjing Tech University,Nanjing,Jiangsu,China
INST0446,HuNan University,Changsha,HuNan,China
INST0447,Dalian Polytechnic University,Dalian,Liaoning,China
INST0448,Foshan University,Foshan,Guangdong,China
INST0449,Chengdu Technological University,chengdu,Sichuan,China
INST0450,Shanghai University of International Business and Economics,Shanghai,Shanghai,China
INST0451,Shanghai University of International Business and Economics,Shanghai,Songjiang,China
INST0452,Peking University,Beijing,China,China
INST0453,Virginia Western,Roanoke,VA,USA
INST0454,Anhui Jianzhu University,Hefei,Anhui,China
INST0455,Peking Univ.,Beijing,Beijing,China
INST0456,"Sun Yat-sen University, Guangzhou",Guang Zhou,Asia,China
INST0457,Bethel University,Arden Hills,MN,USA
INST0458,Linfield College,McMinnville,OR,USA
INST0459,China Jiangsu University,Zhenjiang,Jiangsu,China
INST0460,Shanghai Finance University,Shanghai,,China
INST0461,Wuhan University of technology,Wuhan,Hubei,China
INST0462,EAST CHINA NORMAL UNIVERSITY,Shanghai,China,China
INST0463,shaanxi university of technology,han zhong,shaanxi,China
INST0464,Jilin University,Changchun,Jinlin,China
INST0465,Henan University of Economics and Law,Zhengzhou,Henan,China
INST0466,ShanDong University of Technology,ZiBo,ShanDong,China
INST0467,Shenzhen Institute of Information Technology,Shenzhen,GuangDong,China
INST0468,SKH Bishop Mok Sau Tseng Secondary School,Hongkong,Hongkong,China
INST0469,BeiJing University Of Post And Telecommunication,Beijing,Asia,China
INST0470,Sichuan University,"Chengdu, Sichuan",,China
INST0471,Nanjing Tech Uinversity,Nanjing,Jiangsu,China
INST0472,Chongqing University of Posts and Telecommunications,Chongqing,Chongqing,China
INST0473,Shanghai Institute of Technology,Shanghai,Shanghai,China
INST0474,Southwestern University of Finance and Economics,CHENGDU CITI,SICHUAN PROVINCE,China
INST0475,"Tianjin University, People's Republic of China",Tianjin,,China
INST0476,Shanghai Institute of Technology,shang hai,,China
INST0477,Dalian Ocean University,Dalian,Liaoning,China
INST0478,Sichuan University,Chendu,Sichuan,China
INST0479,Nankai University,Tianjin City,Tianjin,China
INST0480,Anhui University,Hefei,Anhui,China
INST0481,Washington and Lee University,Lexington,VA,USA
INST0482,Pacific Lutheran University,Tacoma,WA,USA
INST0483,Cupertino High School,Cupertino,CA,USA
INST0484,Chongqing Jiaotong University,Chongqing,Nanping,China
INST0485,Shaoguan University,Shaoguan,Guangdong,China
INST0486,Nankai University,Tianjin,Aisa,China
INST0487,The Engineering & Technical college of Chengdu University of Technology,LESHAN,Sichuan Province,China
INST0488,"Shanxi University, People's Republic of China",Taiyuan,Shanxi Province,China
INST0489,"Taizhou Institute of Sci.&Tech.,NUST",Taizhou,,China
INST0490,"Hunan University of Humanities,Science and Technology",Loudi,Hunan,China
INST0491,Nanjing Normal University Taizhou College,Taizhou,,China
INST0492,Tianjin University,Tianjin,China,China
INST0493,Nanjing University of Aeronautics and Astronautics,Nanjing,Jiangsu,China
INST0494,Guangzhou University,Guangzhou,Guangdong Province,China
INST0495,"school of architecture civil engineering, Nantong University",Nantong,JiangSu,China
INST0496,Qingdao Univrsity,Qingdao,Shandong,China
INST0497,Shanghai University of Finance and Economics,Shanghai,P.R.China,China
INST0498,Peking University,"Beijing,China",,China
INST0499,Shanghai University of Finance & Economics (P R CHINA),Shanghai,,China
INST0500,Yantai University,Yantai,Shandong,China
INST0501,Montana Tech,Butte,MT,USA
INST0502,Renmin University of China,Beiijing,Beijing,China
INST0503,Chengdu Shishi Cambridge A-level Center,Chengdu,,China
INST0504,Math School,Xiamen,Fujian,China
INST0505,Shanghai University,Baoshan,Shanghai,China
INST0506,Huzhou University,Huzhou,Zhejiang,China
INST0507,Shandong University,Jinan,Shandong Province,China
INST0508,Madonna University,Livonia,MI,USA
INST0509,"The University of Tennessee, Knoxville",Knoxville,TN,USA
INST0510,Liaoning Shihua University,Fushun,Wanghua,China
INST0511,Nanjing University of Posts&Telecommunications,Nanjing,Jiangsu,China
INST0512,Nanjing University of Posts & Telecommunications,Nanjing,Jiangshu,China
INST0513,Central University of Finance and Ecomomics,Bejing,Bejing,China
INST0514,Huizhou University,Huizhou,Guangdong,China
INST0515,Eastern Oregon University,La Grande,OR,USA
INST0516,Second Military Medical University,Shanghai,Yangpu,China
INST0517,SouthwesternÂ UniversityÂ of Finance and Economics,Chengdu,Sichuan,China
INST0518,Inner Mongolia University of Technology,Hohhot,Inner Mongolia,China
INST0519,"Nankai University,China",Tianjin,Tianjin,China
INST0520,Peking University,Beijing,"Beijing, P.R.CHINA",China
INST0521,BeiJing University Of Post And Telecommunication,Beijing,Bejing,China
INST0522,"Software Engineering Institute, East China Normal University",Shanghai,Shanghai,China
INST0523,National University of Singapore,Singapore,,Singapore
INST0524,NanChang Aeronautical University,NanChang,JiangXi,China
INST0525,Henan University of Science & Technology,Luoyang,Henan,China
INST0526,Nankai University,Tianjin China,,China
INST0527,School of Digital Media and Design Art,Beijing,,China
INST0528,Civil Aviation University of China,Tianjin,Dongliqu,China
INST0529,University of Science & Technology Beijing,Beijing,Beijing,China
INST0530,North China Electric poewr university,Bejing,Beijing,China
INST0531,Suzhou University of Science and Technology,Jiangsu,Suzhou,China
INST0532,WENZHOU UNIVERSITY,WENZHOU,ZHEJIANG,China
INST0533,Ocean University of China,Qingdao City,Shandong Province,China
INST0534,Jilin University,Chang Chun,Ji Lin Province,China
INST0535,Dongguan University of Technology,Dongguan,Guangdong,China
INST0536,Sun Yat-sen University,Guangzhou,Guangdong Province,China
INST0537,Northeaster University (China),Shenyang,,China
INST0538,Hefei University of Technology,Hefei,Anhui,China
INST0539,SJTU-ParisTech Elite Institute of Technology,Shanghai,Shanghai,China
INST0540,China Welfare Institute,Shanghai,Shanghai,China
INST0541,College of Science and Technology of China Three Gorges University,YiChang,HuBei,China
INST0542,Southwestern University of Finance and Economics,City: Chengdu,Sichuan,China
INST0543,"University of Science and Technology,Beijing(USTB)",Beijing,Beijing,China
INST0544,Southwest Jiaotong University,Chengdu,Sichuan Province,China
INST0545,Southwest University,Beibei,Chongqing,China
INST0546,Southwest Jiaotong University,Chengdu city,Sichuan,China
INST0547,Hainan University,Danzhou,Hainan,China
INST0548,Wuhan Universty,Wuhan,Hubei,China
INST0549,"Tianjin University, China",Tianjin,Tianjin,China
INST0550,Shenzhen University,Shenzhen,Guangdong Province,China
INST0551,Henan normal university,Henan,XinXiang,China
INST0552,Ocean University of China,Qindao,Shandong,China
INST0553,Jiangsu Jianzhu Institute,Xuzhou,Jiangsu,China
INST0554,Shandong University of Finance and Economics,Jinan,Shandong,China
INST0555,Shanghai Jiao Tong University,SHANGHAI,CHINA,China
INST0556,Henan Polytechnic University,Jiaozuo,Henan,China
INST0557,LongDong University,Qingyang,Gausu,China
INST0558,Henan Polytechnic University,Jiaozuo,Henan Province,China
INST0559,Shandong University,Ji'nan,Shandong,China
INST0560,Shanxi Medical University,Taiyuan,Shanxi,China
INST0561,Shanghai University of Finance and Economics,SHANG HAI,,China
INST0562,Software Engineering Institute,Shanghai,China,China
INST0563,Huaqiao University,Quan Zhou,Feng Ze,China
INST0564,Shangdong university,Jinan,Shandong Province,China
INST0565,Guilin University of Electronic Technology,Guilin,Guangxi,China
INST0566,Information,Beijing,,China
INST0567,NKU School of Mathematical Science,Tianjin,Tianjin,China
INST0568,Northeast Petroleum University,Daqing,Heilongjiang,China
INST0569,Nankai University,Tianjin,China,China
INST0570,Hebei University,Baoding,Hebei,China
INST0571,University of Illinois,Urbana,IL,USA
INST0572,Institute of Information Technology of Guilin University of Electronic Technology,Guilin,Guangxi,China
INST0573,"Taishan University,China",Taian,Shandong,China
INST0574,Liaoning Technical Universty,Fuxin,,China
INST0575,Heilongjiang University of science and technology,Harbin,Heilongjiang,China
INST0576,Sichuan University,Chengdu,Sichuan Province,China
INST0577,Shanghai University of Finance and Economy,Shanghai,Shanghai,China
INST0578,University of Science and Technology Beijing,Beijing,Asia,China
INST0579,"Department of Economics, Minzu University of China",Beijing,Beijing,China
INST0580,"University of International Bussiness and Economy,Beijing,China",Beijing,,China
INST0581,College of Computer and Control Engineering,Tian Jin,,China
INST0582,Xi'an Shiyou University,Xi'an,Shannxi,China
INST0583,Hebei Normal University,Shijiazhuang,Hebei Province,China
INST0584,Northeast Yucai Foreign Language School,shenyang,Liaoning,China
INST0585,South China Normal University,Guangzhou,Â Guangdong Province,China
INST0586,Undergraduate course,Jinan,Shandong Province,China
INST0587,Dalian Neusoft University of information,Dalian,Liaoning,China
INST0588,South China University of Technology,Guang Zhou,,China
INST0589,BeiJing University Of Post And Telecommunication,Haidian,Beijing,China
INST0590,Hunan Normal University,Changsha,Hunan,China
INST0591,Sichuan Agricultural University,Du Jiangyan,Sichuan,China
INST0592,Leshan Normal University,Leshan,Sichuan,China
INST0593,School of Electronic and Engineering,Beijing,Beijing,China
INST0594,China University of Petroleum(East China),Qingdao,ShanDong province,China
INST0595,Wuhan University,Wuhan,Hubei Province,China
INST0596,National University of defense technology,Changsha,Hunan,China
INST0597,WUHAN TEXTILE UNIVERSITY,WUHAN,HUBEI,China
INST0598,Jiangsu Normal University,Xuzhou,Jiangsu,China
INST0599,Huaqiao University,Fujian,Xiamen,China
INST0600,Southwestern University of Finance and Economics University,Chengdu,Sichuan,China
INST0601,Guizhou University,Guiyang,Guizhou,China
INST0602,Guangxi University,Nanning,Guangxi,China
INST0603,Henan University of Technology,Zhengzhou,Henan,China
INST0604,Shenzhen University,Shenzhen,Guangdong,China
INST0605,Hu Bei University of Economics,Wuhan,Hubei,China
INST0606,South China Normal University,Guangzhou,Tianhe,China
INST0607,Nanjing University,Nanjing,Jiangsu Provence,China
INST0608,Hu Bei Univeristy of Economics,WuHan,HuBei,China
INST0609,"Zhejiang University, China",Hangzhou,Zhejiang,China
INST0610,Henan University,Kaifeng,Henan,China
INST0611,Officer College of Chinese People's Armed Police Force,Chengdu,Sichuan,China
INST0612,Shanxi Agricultural University,Jinzhong,Shanxi,China
INST0613,North China Electric Power University,Baoding,Hebei,China
INST0614,China University of Geosciences (Beijing),Beijing,Beijing,China
INST0615,Nanyang Normal University,Nanyang,Henan,China
INST0616,JiangXi University of Science and Technology,Ganzhou,Jiangxi,China
INST0617,North China Electric Power University Science & Technology College,Baoding,Hebei,China
INST0618,Qiannan Normal College for Nationalities,Duyun,Guizhou,China
INST0619,Wuhan University,Wuhan,Select One,China
INST0620,South China Normal University,Guangzhou,China,China
INST0621,Wuhan University,Wuhan City,Hubei Province,China
INST0622,Taiyuan University of Technology,Taiyuan,Shanxi,China
INST0623,China university of Geosciences,Beijing,Beijing,China
INST0624,Capital Normal University,Beijing,Beijing,China
INST0625,Anhui Normal University,Wuhu,Anhui Province,China
INST0626,Northwest A&F University,Yangling,Shaanxi,China
INST0627,South China Normal Uniyersity,Guangzhou,Guangdong,China
INST0628,mathematics,TianJin,TianJin,China
INST0629,The Capital University of Economics and Business,Beijing,Beijing,China
INST0630,South China Normal University,Canton,,China
INST0631,Hendrix College,Conway,AR,USA
INST0632,Virginia Western Community College,Roanoke,VA,USA
INST0633,Bloomsburg University,Bloomsburg,PA,USA
INST0634,Temple University,Philadelphia,PA,USA
INST0635,Meredith College,Raleigh,NC,USA
INST0636,Central Washington University,Ellensburg,WA,USA
INST0637,University of Manchester,Manchester,Great Manchester,United Kingdom
INST0638,University of St. Thomas,Saint Paul,MN,USA
INST0639,Ludong University,Yantai,Shandong,China
INST0640,"School of Architecture and Civil Engineering,Nantong University",NanTong,JiangSu,China
INST0641,East China Normal University,"Shang Hai, China",,China
INST0642,Franklin & Marshall College,Lancaster,PA,USA
INST0643,Xihua University,Chengdu,SiChuan,China
INST0644,The Southwestern University of Finance and Economics,Chengdu,Sichuan,China
INST0645,South China Normal University,Guangzhou,Guangzhou,China
INST0646,Henan Normal University,XinXiang,china,China
INST0647,Tianjin University,Tianjin,Nankai District,China
INST0648,Hubei University,Wuhan,Hubei,China
INST0649,Institut Teknologi Bandung,Bandung,Jabar,Indonesia
INST0650,Binjiang College of Nanjing University of Information Science & Tecnology,Nanjing,Jiangsu,China
INST0651,Shanxi University of Finance and Economics,Taiyuan,Shanxi,China
INST0652,Shandong University of Science & Technology,Taian,Shandong,China
INST0653,Xi'an University of Architecture and Technology,Xi'an,Shannxi,China
INST0654,South China Normal University,Guangdong Province,,China
INST0655,Zhengzhou University Of Light Industry,Zhengzhou,Henan,China
INST0656,Zhengzhou University of Light Institution,Zhengzhou,Henan,China
INST0657,Zhengzhou University of Light Industry,Zhengzhou City,Henan province,China
INST0658,South China University of Technology,Tianhe Distric,Guangzhou,China
INST0659,Nankai University,Tianjin,Non-US/Non-Canadian,China
INST0660,Chengdu University of Information Technology,Chengdu,Sichuan,China
INST0661,Wuhan Univercity,Wuhan,Hubei,China
INST0662,Chang'an University,Xi'an,Shaanxi,China
INST0663,Northeastern University,Shenyang,Liaoning,China
INST0664,University of International Business and Ecomomics,Beijing,Beijing,China
INST0665,College of Sciences ; Northeastern University,Shenyang,Liaoning,China
INST0666,Dalian Polytechnic University,DaLian,Liaoning Province,China
INST0667,Nanjing University of Science and Technology,Nanjing,Jiangsu,China
INST0668,Yancheng Teachers University,Yancheng,Jiangsu,China
INST0669,China Univercity of Geosciencesï¼ŒBeijing,Beijing,Beijing,China
INST0670,Inner Mongolia University For The Nationlities,Tongliao,Inner Mongolia Autonomous Region,China
INST0671,Guangdong Polytechnic Normal University,guangzhou,Guangdong,China
INST0672,The Chinese University of Hong Kong,Hong Kong,Hong Kong,China
INST0673,Shanghai University Of Engineering Science,ShangHai,SongJiang,China
INST0674,"College of Electronic Information and Optical Engineering, Nankai University",Tianjin,,China
INST0675,Georgetown College,Georgetown,KY,USA
INST0676,Union College,Schenectady,NY,USA
INST0677,Northeastern University at Qinhuangdao,Qinhuangdao,Hebei,China
INST0678,University of Science and Technology of Beijing,Beijing,,China
INST0679,Beihang Univeristy,Haidian,Beijing,China
INST0680,South China Normal University,Guanghzhou,Asia,China
INST0681,Jiansu Jianzhu University,Xuzhou,Jiangsu,China
INST0682,JiangXi Normal University,NanChang,JiangXi,China
INST0683,Xi'an University of Architecture and Technology,Xiâ€˜an,Shaanxi,China
INST0684,Guangxi Teachers Education University,Nanning,Guangxi,China
INST0685,Beihang Univeristy,Beijjing,Beijing,China
INST0686,Sun Yat-Sen University,Guangzhou City,Guangzhou Province,China
INST0687,Zhejiang University of Science and Technology,Hangzhou,,China
INST0688,Shihezi University,Xinjiang,Shi Hezi,China
INST0689,Beijing Information Science & Technology University,Beijing,Haidian,China
INST0690,Zhejiang University City College,Hangzhou,Zhejiang,China
INST0691,Zhejiang Gongshang University,Hangzhou,Zhejiang,China
INST0692,South China Normal Univercity,Guangdong,Asia,China
INST0693,Hunan University of Commerce,Changsha,Hunan,China
INST0694,Henan University of Urban Construction,Pingdingshan,Henan,China
INST0695,North China Electric Power University,Changping,Beijing,China
INST0696,Yangzhou University,Yangzhou,,China
INST0697,Jiangxi University of Traditional Chinese Medicine,Nanchang,,China
INST0698,"121 Zhangjialukou, Huaxiang Fengtai District, Beijing,China",Beijing,Beijing,China
INST0699,The Hong Kong Polytechnic University,Hong Kong,,Hong Kong
INST0700,University of Science & Technology of China,Hefei,Anhui,China
INST0701,Xi'an University of Technology,Xi'an,Shaanxi,China
INST0702,James Madison University,Harrisonburg,VA,USA
INST0703,University of Science and Technology of China,"Hefei City,",,China
INST0704,Xi'an University of Architechture&Technology,Xi'an,Shaanxi,China
INST0705,School of Computer Science and Techonology,Jinan,Shandong Province,China
INST0706,Institution of Information Science and Technology,Beijing,China,China
INST0707,UniversitÃ© de Technologie de CompiÃ¨gne,COMPIEGNE,,France
INST0708,University of Dayton,Dayton,OH,USA
INST0709,Goshen College,Goshen,IN,USA
INST0710,Nankai University,Tian Jin,tianjin,China
INST0711,New York Institute of Technology,New York,NY,USA
INST0712,University of New Mexico,Albuquerque,NM,USA
INST0713,Western Connecticut State University,Danbury,CT,USA
INST0714,U.S. Air Force Academy,USAF Academy,CO,USA
INST0715,Lamar University,Beaumont,TX,USA
INST0716,Erasmus University Rotterdam,Rotterdam,,Netherlands
INST0717,Northwest Missouri State University,Maryville,MO,USA
INST0718,The Second Artillery Engineering University,Xi'an,Shaanxi,China
INST0719,"Shanghai U. of Finance and Economics, School of Economics",Shanghai,Shanghai,China
INST0720,China Jiliang University,Hangzhou,Zhejiang,China
INST0721,Huaihai Institute of Technology,Lianyungang,Jiangsu,China
INST0722,Nanchang University,Nanchang,Jiangxi,China
INST0723,The Second Artillery Engineering University,Xi'an,Shanxi,China
INST0724,Zhejiang University,"Hangzhou, Zhejiang Province",,China
INST0725,Xi'an Eurasia University,Xi'an,Shaanxi,China
INST0726,University of Science and Technology of China,Heifei,Anhui,China
INST0727,China Agricultural University,Beijing,,China
INST0728,University of Shanghai for Science & Technology,Shanghai,Shanghai,China
INST0729,TIANJIN POLYTECHNIC UNIVERSITY,TIAN JIN,,China
INST0730,School of information& School of Science,Beijing,,China
INST0731,Zhejiang Chinese Medical University,Hangzhou,Zhejiang,China
INST0732,Institution of Thermal Science and Power Systems,HangZhou,ZheJiang,China
INST0733,PekingUniversity(PKU),Beijing,,China
INST0734,Renmin Universuty of China,Beijing,Beijing,China
INST0735,FuZhou College of Foreign Studies and Trade,Fuzhou,Fujian,China
INST0736,Gannan Normal University,Ganzhou,Jiangxi,China
INST0737,Guangdong University of Finance and Economics,Guangzhou,Guangdong,China
INST0738,Guangdong University of Finance & Economics,Guangzhou,Guangdong,China
INST0739,GuangDong University of Foreign Studies,Guangzhou,GuangDong Province,China
INST0740,Fuzhou University,Fuzhou,Fujian,China
INST0741,Fudan University,Shanghai,P.R.China,China
INST0742,Sichuan Agricultural University,Chengdu,Sichuan,China
INST0743,Beijing University of Aeronautics and Astronautics,Beijing,Changping,China
INST0744,Xi'an University of Technology,Xi'an,Shaanxi province,China
INST0745,China University of Geosciences,Beijing,Haidian District,China
INST0746,Shanghai Kongjiang High School,Shanghai,,China
INST0747,Westminster College,Salt Lake City,UT,USA
INST0748,The University of Edinburgh,Edinburgh,MIdlothian,United Kingdom
INST0749,Henan Normal University,Henan Xinxiang,China,China
INST0750,GUANGDONG PHARMACEUTICAL UNIVERSITY,Zhongshan,Guangdong,China
INST0751,Jacksonville University,Jacksonville,FL,USA
INST0752,University of Washington,Seattle,WA,USA
INST0753,University of Wisconsin-Stevens Point,Stevens Point,WI,USA
INST0754,Humboldt State University,Arcata,CA,USA
INST0755,Shanghai Foreign Language School,Shanghai,Shanghai,China
INST0756,Lawrence Technological University,Southfield,MI,USA
INST0757,Inner Mongolia University For The Nationalities,Tongliao,the Inner Mongolia Autonomous Region,China
INST0758,BeiJing University Of Post And Telecommunication,Beijing,Haidian Distric,China
INST0759,"Xitucheng 10th Road, Haidian District.Beijing Univ. of Posts and Telecomm. Beijing, Beijing 100876",Beijing,Beijing,China
INST0760,Shandong university of finance and economics in China,jinan,,China
INST0761,"Shenzhen University, China",Shenzhen,Guangdong,China
INST0762,Shenyang Normal University,Liaoning Province Shenyang City,Asia,China
INST0763,BeiJing University Of Post And Telecommunication,Beijing,China,China
INST0764,Heilongjiang University,Harbin,Outside US,China
INST0765,Beijing Union University,Beijing,Beijing,China
INST0766,Fudan University,Berkeley,CA,USA
INST0767,Hangzhou Normal University Qianjiang College,Hangzhou,Zhejiang,China
INST0768,Xiâ€™an University of Architecture and Technology,Xiâ€™an,Shaanxi Province,China
INST0769,Hannan University,Haikou,Hainan,China
INST0770,Fujian Agriculture and Forestry University,Fuzhou,Fujian,China
INST0771,Renmin University of China,Beijing,Beijing Municipality,China
INST0772,Beihang Univeristy,Beijng,,China
INST0773,Institute of Scientific & Engineering Computing,Hangzhou,Zhejiang,China
INST0774,Hainan University,Haikou,Hainan Province,China
INST0775,Sun Yat-sen University,Guangzhou City,Guangdong Province,China
INST0776,Changsha University of Science and Technology,Changsha,Hunan,China
INST0777,"University of California, San Diego",La Jolla,CA,USA
INST0778,Wuhan Univ.,Wuhan,Hubei,China
INST0779,Hunan Police Academy,Changsha,Hunan,China
INST0780,Guangdong University Of Finance and Economy,Guangzhou,Guangdong,China
INST0781,Guangdong University of Foreign Studies,guangzhou,guangzhou,China
INST0782,Beihang Univeristy,Beijing,Beijng,China
INST0783,University of Science and Technology Liaoning,Anshan,Liaoning,China
INST0784,Shenyang Institute of Technology,Fushun,Liaoning,China
INST0785,East China Normal Univeristy,Shanghai,,China
INST0786,South China Normal University,Shenzhen,Guangdong,China
INST0787,university,Shanghai,minhang,China
INST0788,Guangdong University of Finance and Economics,Guangzhou,Guangzhou,China
INST0789,ZhengzhouÂ University,Zhengzhou,Henan,China
INST0790,Guangdong University of Finance and Econonmics,Guangzhou,,China
INST0791,North University of China,Taiyuan,Shanxi,China
INST0792,X1'an University of Architecture and Technology,Xi'an,Shaanxi,China
INST0793,Shandong University of Finance and Economics,shandong,jinan,China
INST0794,Sam Houston State University,Huntsville,TX,USA
INST0795,Jinan University,Guanghzou,Guangdong,China
INST0796,Austin Peay State University,Clarksville,TN,USA
INST0797,Jinan University,Guangzhou,Guangdong,China
INST0798,Ocean University of China,Qingdao,Shandong Province,China
INST0799,School of Computer Science and Technology,Jinan,Shandong Province,China
INST0800,Zhejiang University,Beijing,,China
INST0801,Zhejiang Industry & Trade Vocational College,Wenzhou,Zhejiang,China
INST0802,The University of Dallas,Irving,TX,USA
INST0803,University of North Texas,Denton,TX,USA
INST0804,University of Michigan,Ann Arbor,MI,USA
INST0805,Pacific University,Forest Grove,OR,USA
INST0806,University of Wisconsin-Madison,Madison,WI,USA
INST0807,University of Cambridge,Cambriddge,,United Kingdom
INST0808,Binghamton University (SUNY),Binghamton,NY,USA
INST0809,University of Colorado Denver,Denver,CO,USA
INST0810,Grand View University,Des Moines,IA,USA
INST0811,Wartburg College,Waverly,IA,USA
INST0812,concordia college NY,pleasantville,NY,USA
INST0813,concordia college NY,bronxville,NY,USA
INST0814,Indiana University of Pennsylvania,Indiana,PA,USA
INST0815,Trinity,San Antonio,TX,USA
INST0816,Clemson University,Clemson,SC,USA
INST0817,Colorado College,Colorado Springs,CO,USA
INST0818,Zhejiang University of Technology,Hangzhou,,China
INST0819,West Anhui University,Luâ€™an,Anhui,China
INST0820,NORTH CHINA INSTITUTE OF SCIENCE AND TECHNOLOGY,BEIJING,BEIJING,China
INST0821,China University of Geosciences Beijing,Beijing,Haidian District,China
INST0822,Jinan University Zhuhai Campus,Zhuhai,GuangDong,China
INST0823,West Ahui University,Luâ€™an,Anhui,China
INST0824,Jiangxi University of Finance and Economics,Nanchang,Jiangxi,China
INST0825,Southwest Jiaotong University,Leshan,SiChuan,China
INST0826,Xi'an University of Architecture and Technology,Xi'an,Shaanxi Province,China
INST0827,Zhejiang University of Finance and Economics,Hangzhou,Zhejiang,China
INST0828,Zhengzhou Information Engineering University,Zhengzhou,Henan,China
INST0829,Xi'an University of Architecture and Techonology,Xi'an,Shaanxi Province,China
INST0830,ZaoZhuang University,ZaoZhuang,ShanDong Province,China
INST0831,SOUTH CHINA UNIVERSITY OF TECHNOLOGY,ShenZhen,GuangDong,China
INST0832,University of International Business and Economics,"BeiJing,chaoyang district",BeiJing,China
INST0833,Naval Aeronautical Engineering Institute Qingdao Campus,Qingdao,Shandong,China
INST0834,Institution of Innovation; Northeastern University,Shenyang,Liaoning,China
INST0835,Renming University,Beijing,,China
INST0836,Xinjiang University,Urumchi,Xinjiang Autonomous Region,China
INST0837,ShuGuang School,Zigong,Sichuan,China
INST0838,Wuhan University,Wu Han,Hubei Province,China
INST0839,Northeast Forestry University,Harbin,Heilongjiang,China
INST0840,Research Center of Control & Simulation; Northeastern University,Shenyang,Liaoning,China
INST0841,WuYi University,Wuyishan,Fujian,China
INST0842,Hebei United University,Tangshan,Hebei,China
INST0843,Department of Mathematics and Institute of Natural Sciences,SHANGHAI,SHANGHAI,China
INST0844,Xinyang Normal University,Xinyang,Henan,China
INST0845,Information Engineering University,Zhengzhou,Henan,China
INST0846,Tianjin University,Nankai,Tianjin,China
INST0847,Tarim University,alaer,Sinkiang,China
INST0848,Minzu University of China,Bejing,Beijing,China
INST0849,School of Materials and Metallurgy; Northeastern University,Shenyang,Liaoning,China
INST0850,College of Information Science and Engineering; Northeastern University,Shenyang,Liaoning,China
INST0851,Institute of Metallurgical Resource and Environmental Engineering ; Northeastern University,Shenyang,Liaoning,China
INST0852,Institute of Mechatronics Engineering; Northeastern University,Shenyang,Liaoning,China
INST0853,"School of Mechanical Engineering and Automation, Northeastern University",Shenyang,Liaoning,China
INST0854,Yunnan Normal University,Kunming,Chenggong New District,China
INST0855,Virtual reality and simulation; Northeastern University,Shenyang,Liaoning,China
INST0856,Institution of Intelligent Robots and Pattern Recognition; Northeastern University,Shenyang,Liaoning,China
INST0857,Institute of Artificial Intelligence and Robotics; Northeastern University,Shenyang,Liaoning,China
INST0858,College of Information Science & Engineering; Northeastern University,Shenyang,Liaoning,China
INST0859,Pattern Recognition ;Northeastern University,Shenyang,Liaoning,China
INST0860,Institution of Metallurgy Resources and Environmental Engineering; Northeastern University,Shenyang,Liaoning,China
INST0861,Materials and metallurgy; Northeastern University,Shenyang,Liaoning,China
INST0862,Institute of Computer System;Northeastern University,Shenyang,Liaoning,China
INST0863,Institute of Electrical Engineering and Automation; Northeastern University,Shenyang,Liaoning,China
INST0864,The Hong Kong Polytechnic University,Kowloon,Hong Kong,China
INST0865,South China University Of Technology,Guangzgou,,China
INST0866,Truman State University,Kirksville,MO,USA
INST0867,Kansas State University,Manhattan,KS,USA
INST0868,Tianjin Agricultural University,Tinjin,86,China
INST0869,Key Laboratory of Medical Image Computing; Northeastern University,Shenyang,Liaoning,China
INST0870,Communication University of ChinaÂ ,Beijing,Beijing,China
INST0871,Signal and information processing; Northeastern University,Shenyang,Liaoning,China
INST0872,Robotics and Automation; Northeastern University,Shenyang,Liaoning,China
INST0873,Sino-Dutch Biomedical and Information Engineering School; Northeastern University,Shenyang,Liaoning,China
INST0874,Institution of Pattern Recognition ;Northeastern University,Shenyang,Liaoning,China
INST0875,Shantou University,Shantou,Guangdong,China
INST0876,Key Laboratory of Ecological Utilization of Multi-metal Intergrown Ores of Ministry of Education &School of Materials and Metall,Shenyang,Liaoning,China
INST0877,Institution of Software; Northeastern University,Shenyang,Liaoning,China
INST0878,Southwest Petroleum University,Chengdu City,Sichuan Province,China
INST0879,Quanzhou Normal University,quanzhou,fujian,China
INST0880,Sichuan University,Albany,NY,USA
INST0881,Lehigh University,Bethlehem,PA,USA
INST0882,Belhaven University,Jackson,MS,USA
INST0883,Inner Mongolia University,Hohhot,Inner Mongolia Autonomous Region,China
INST0884,Shandong University of Fianace and Economics,Jinan,Shandong,China
INST0885,"Shandong University of Science and Technology,",Tai'an city,Shandong province,China
INST0886,"Ningbo Institute of Technology, Zhejiang University",Ningbo City,Zhejiang,China
INST0887,Xi'an Aeromautical Polytechnic Institute,Xi'an,Shaanxi,China
INST0888,Hong Kong University of Science and Technology,Clear Water Bay-Kowloon,,Hong Kong
INST0889,HuaQiao University,QuanZhou,FuJian,China
INST0890,HuaQiao University,Quan Zhou,Fu Jian,China
INST0891,Wuhan University,Wuhan,China,China
INST0892,School of Mathematics,Chengdu City,Sichuan,China
INST0893,Huazhong University of Science and Technolog,Wuhan,Hubei,China
INST0894,China University of Mining and Technology,Xuzhou,Jiangsu,China
INST0895,"Wuhan University,China","Wuhan,China",Wuhan,China
INST0896,University of Science and Technology of China,"Hefei, China",,China
INST0897,Wuhan Universtity,Wuhan,Hubei,China
INST0898,College of Science,Beijing,,China
INST0899,Dongbei University of Finance and Economics,"Dalian,China",Dalian,China
INST0900,Electrical engineering,HangZhou,,China
INST0901,"School of Mathematical Sciences, Xiamen University",Xiamen,Fujian,China
INST0902,Tianjin Univ. of Commerce,Tianjin,Tianjin,China
INST0903,American Heritage School Plantation,Plantation,FL,USA
INST0904,Huainan Normal University,Huainan,Anhui,China
INST0905,Mount Holyoke College,South Hadley,MA,USA
INST0906,Beijing Normal University,Beijing,HaiDian District,China
INST0907,The University of Business and Economics,Beijing,,China
INST0908,Univeristy of International Business and Economics,Beijing,,China
INST0909,Peking University,Beijing,HaiDian,China
INST0910,College of Software; Northeastern University,Shenyang,Liaoning,China
INST0911,Institute of Digital media technology; Northeastern University,Shenyang,Liaoning,China
INST0912,Software College; Northeastern University,Shenyang,Liaoning,China
INST0913,University of Illinois at Urbana-Champaign,Urbana,IL,USA
INST0914,Binzhou University,Binzhoou,Shandong,China
INST0915,Binzhou University,Binzhou,Shandong,China
INST0916,Guangdong University of Petrochemical Technology,Maoming,Guangdong,China
INST0917,Jinling Institute of Technology,Nanjing,Jiangsu,China
INST0918,Hebei Finance University,Baoding,Hebei,China
INST0919,Liaocheng University,Liaocheng,Shandong,China
INST0920,HEBEI FANANCE UNIVERSITY,Baoding,Hebei,China
INST0921,Army Officer Academy,Hefei,Anhui,China
INST0922,Liaocheng Univ.,Liaocheng,Shandong,China
INST0923,University of Science and Technoloy of China,Hefei,Anhui,China
INST0924,Hangzhou Dianzi University,Hangzhou,Zhejiang,China
INST0925,Nankai University,Tianjin,Nankai,China
INST0926,Huaqiao University,Xiamen,Fujian,China
INST0927,The University of Shanghai for Science and Technology,Shanghai,Shanghai,China
INST0928,Shijiazhuang University,Shijiazhuang,Hebei,China
INST0929,Shijiazhuang University,Shijiazhuang,Hebei Province,China
INST0930,Macau University of Science and Technology,Macau,,China
INST0931,Yunnan Minzu University,kunming,yunnan,China
INST0932,Faculty of Information Science and Engineering; Northeastern University,Shenyang,Liaoning,China
INST0933,Shihezi University,Shihezi,Xinjiang,China
INST0934,School of Science of Tianjin University,Tian Jin,China,China
INST0935,"Northeastern University, China",Shenyang,Liaoning,China
INST0936,ShiHeZi University,ShiHiZi,xinjiang,China
INST0937,School of Information Science and Engineering; Northeastern University,Shenyang,Liaoning,China
INST0938,Harbin Medical University,Harbin,Hei Long Jiang,China
INST0939,JiangXi College of Construction,NanChang,JiangXi,China
INST0940,CentralÂ ChinaÂ NormalÂ University,Wuhan,Hubei,China
INST0941,Shanghai University for Science and Technology,Shanghai,Shanghai,China
INST0942,Institution of Maths ; Northeastern University,Shenyang,Liaoning,China
INST0943,School of Sciences;Northeastern University,Shenyang,Liaoning,China
INST0944,SOUTHWEST UNIVERSITY FOR NATIONALITIES,CHENGDU,SICHUAN,China
INST0945,Xuhai College of China University of Mining and Technology,Xuzhou,Jiangsu,China
INST0946,Huazhong Agricultural University Chutian College,Wuhan,Hubei,China
INST0947,"Xiamen University,China",Xiamen,Fujian,China
INST0948,Shenyang University of Technology,Shenyang,Liaoning,China
INST0949,Xuzhou Institute of Technology,Xuzhou,Jiangsu,China
INST0950,North China University of Water Resources and Electric Power,Zhengzhou,Henan Province,China
INST0951,Xiâ€™an University Of Architecture and Technology,Xiâ€™an,Shaanxi,China
INST0952,"Ningbo Institute of Technology, Zhejiang University",Ningbo,Zhejiang,China
INST0953,Hubei University of Technology,Wuhan,Hubei Province,China
INST0954,Taizhou Ploytechnic College,Taizhou,Jiangsu,China
INST0955,Naval University of Engineering,Wuhan,Hubei,China
INST0956,Henan Institute of Science and Technology,Xinxiang,Henan,China
INST0957,Naval University of Engineering,Wuahn,Hubei,China
INST0958,Teacher,Beijing,Beijing,China
INST0959,Jinling High School,Nanjing,Jiang Su,China
INST0960,South-Center University For Nationalities,Wuhan,Hubei Province,China
INST0961,SiChuan University,Chengdu,Sichaun,China
INST0962,Physics School of Nankai University,Tianjin,Tianjin,China
INST0963,"City College, Wuhan University of Science and Technology",Wuhan,Hubei,China
INST0964,professor,Wuhan,Hubei,China
INST0965,Chongqing University of Science and Technology,Chongqing,,China
INST0966,mathematics and systems science institute,Beijing,Beijing,China
INST0967,Fujian Normal University,Fuzhou,Fujian,China
INST0968,minzu univercity of China,Beijing,Beijing,China
INST0969,the Central University of Finance and Economics,Beijing,Beijing,China
INST0970,University of Delaware,Newark,DE,USA
INST0971,Kunming University,Kunming,Yunnan,China
INST0972,University of Richmond,RIchmond,VA,USA
INST0973,Rose-Hulman Institute of Technology,Terre Haute,IN,USA
INST0974,Quantitative Economics Research Institute of Nankai University,Tianjin,Tianjin,China
INST0975,Institution of Mathematics; Northeastern University,Shenyang,Liaoning,China
INST0976,east china university of political science and law,shanghai,songjiang,China
INST0977,University at Buffalo (SUNY),Buffalo,NY,USA
INST0978,Roger Williams University,Bristol,RI,USA
INST0979,College of Sciences,Shenyang,Liaoning,China
INST0980,Northern Kentucky University,Highland Heights,KY,USA
INST0981,Academy of Armored Forces Engineering,Beijing,Beijing,China
INST0982,University of Nebraska-Lincoln,Lincoln,NE,USA
INST0983,Institute of Systems Science; Northeastern University,Shenyang,Liaoning,China
INST0984,Colgate University,Hamilton,NY,USA
INST0985,Grinnell College,Grinnell,IA,USA
INST0986,Shippensburg University,Shippensburg,PA,USA
INST0987,Harvey Mudd College,Claremont,CA,USA
INST0988,University of Puget Sound,Tacoma,WA,USA
INST0989,Simpson College,Indianola,IA,USA
INST0990,"California State University, Fullerton",Fullerton,CA,USA
INST0991,Bryn Athyn College,Bryn Athyn,PA,USA
INST0992,Seattle Pacific University,Seattle,WA,USA
INST0993,South Dakota School of Mines & Technology,Rapid City,SD,USA
INST0994,University of Minnesota - Twin Cities,"Minneapolis,",MN,USA
INST0995,Duquesne University,Pittsburgh,PA,USA
INST0996,Ulster University,Bealfast,Northern Ireland,United Kingdom
INST0997,University of Wisconsin--River Falls,River Falls,WI,USA
INST0998,California Polytechnic State University,San Luis Obispo,CA,USA
INST0999,Dalhousie University,Halifax,Nova Scotia,Canada
INST1000,University of Adelaide,Adelaide,SA,Australia
INST1001,Department of Mathematics; Northeastern University,Shenyang,Liaoning,China
INST1002,East China Normal University(China),"Shanghai,China",Shanghai,China
INST1003,Harbin University of Science and Technology,Harbin,Heilongjiang,China
INST1004,Shandong University of Science and Technologyï¼ŒChina,Qingdao City,Shandong Province,China
INST1005,Huaiyin Normal University,Huaian,Jiangsu,China
INST1006,Air Force Engineering University,Xi'an,Shaanxi,China
INST1007,Chongqing University of Science & Technology,Chongqing,,China
INST1008,Nanjing Agricultural University,Nanjing,Jiangsu,China
INST1009,Qinghai University,Xining,Qingha,China
INST1010,Luoyang Normal University,Luoyang,Henan,China
INST1011,South China University of Technology,Guangzhou,Guabgdong,China
INST1012,Qingdao University of Science and Technology,Qingdao,Shandong,China
INST1013,Fudan Univerity,Shanghai,,China
INST1014,Sichuan Agriculture University,WENJIANG,SICHUAN,China
INST1015,Undergraduate,Beijing,Beijing,China
INST1016,Xi'an university of architecture & technology,Xi'an,Shannxi,China
INST1017,"Beijing Institute of Technology, Zhuhai",Zhuhai,Guangdong,China
INST1018,City University of Hong Kong,City University of Hong Kong,,Hong Kong
INST1019,Seattle University,Seattle,WA,USA
INST1020,Nanjing College of Information Technology,Nanjing,Jiangsu,China
INST1021,Harbin University of Science and Technology Rongcheng,Rongcheng,Shandong,China
INST1022,Nanjing Foreign Language School,Nanjing,Jiangsu,China
INST1023,Shenzhen University,Shenzhen,Select One,China
INST1024,Southern Medical University,Guangzhou,Guangdong,China
INST1025,Telkom University,Bandung,Indonesia,Indonesia
INST1026,Hainu University,Haikou,Hainan,China
INST1027,Shandong University,Jinan,Shandong China,China
INST1028,Shanghai Maritime University,Shanghai,Shanghai,China
INST1029,Huanggang Normal University,Huanggang,Hubei Province,China
INST1030,Ocean Univercity of China,Qingdao City Shandong Province,,China
INST1031,"Qinggong College, Hebei United University",Tangshan,Hebei,China
INST1032,University of Jinan,Jinan,Shandong,China
INST1033,Soochow university,Suzhou,,China
INST1034,Shanghai University,Shanghai,China,China
INST1035,Linyi Number 7 middle school,Linyi,Shandong Provience,China
INST1036,Shanghai Jiao Tong University,Shanghai,Asia,China
INST1037,undergraduate,hangzhou,zhejiang,China
INST1038,China University of Mining and Technology-Beijing,Beijing,,China
INST1039,Xiamen University,Xiamen,Fujian Province,China
INST1040,Sichuan Normal University Chengdu College,Chengdu,Sichuan,China
INST1041,GuangDong Ocean University,Zhan Jiang,Guangdong,China
INST1042,GuangDong Ocean University,Zhan Jiang,Guang Dong,China
INST1043,Linnaeus University,Vaxjo,kronoberg,Sweden
INST1044,Dezhou University,Dezhou,Shandong,China
INST1045,Mount St. Mary's University,Emmitsburg,MD,USA
INST1046,East China Normal University,Shanghai,Minhang,China
INST1047,Virginia Tech,Blacksburg,VA,USA
INST1048,ZhongKai University of Agriculture and Engineering,GuangZhou,GuangDong,China
INST1049,minzu univercity of china,beijing,Asia,China
INST1050,Jilin University of Finance and Economics,Changchun,Jilin,China
INST1051,Central University of Finance and Ecomomics,Beijing,Not Applicable,China
INST1052,Indiana University Bloomington,Bloomington,IN,USA
INST1053,University of Wisconsin Milwaukee,Milwaukee,WI,USA
INST1054,Louisiana Tech University,Ruston,LA,USA
INST1055,Ohio University,Athens,OH,USA
INST1056,Miami University,Oxford,OH,USA
INST1057,Maryville College,Maryville,TN,USA
INST1058,University of Utah,Salt Lake City,UT,USA
INST1059,Duke University,Durham,NC,USA
INST1060,University of Liverpool,Liverpool,Merseyside,United Kingdom
INST1061,Wells College,Aurora,NY,USA
INST1062,Smith College,Northampton,MA,USA
INST1063,University of Denver,Denver,CO,USA
INST1064,Ithaca College,Ithaca,NY,USA
INST1065,University of Ontario Institute of Technology,Oshawa,Ontario,Canada
INST1066,Roanoke College,Salem,VA,USA
INST1067,University of Minnesota Duluth,Duluth,MN,USA
INST1068,Cal Poly Pomona,Pomona,CA,USA
INST1069,Olin College,Needham,MA,USA
INST1070,Kansas Wesleyan University,Salina,KS,USA
INST1071,Wentworth Institute of Technology,Boston,MA,USA
INST1072,Randolph College,Lynchburg,VA,USA
INST1073,The College of Idaho,Caldwell,ID,USA
INST1074,Regis University,Denver,CO,USA
INST1075,Metropolitan State University of Denver,Denver,CO,USA
INST1076,Cornell College,Mount Vernon,IA,USA
INST1077,Georgia College,Milledgeville,GA,USA
INST1078,The College of Wooster,Wooster,OH,USA
INST1079,College of Wooster,Wooster,OH,USA
INST1080,Snake River HS,Blackfoot,ID,USA
INST1081,Youngstown State University,Youngstown,OH,USA
INST1082,Kenyon College,Gambier,OH,USA
INST1083,Research Institution for computational science and Engineering,Hangzhou,,China
INST1084,Shandong University of Technology,Zibo,Shandong Province,China
INST1085,Qingdao agricultural university,Qingdao,Shandong,China
INST1086,Shandong university of science and technology,Shandong Qingdao,,China
INST1087,Nanjing Forestry University,Nanjing,,China
INST1088,Shandong University of Technology,Zibo,Shangdong,China
INST1089,Chongqing University of Science and Technology,é‡�åº†,ChongQing,China
INST1090,Soochow universuty,Suzhou,,China
INST1091,Zhongnan University of Economics and Law,Wuhan,China,China
INST1092,Wuhan University,"Wuchang, Wuhan",Hubei Province,China
INST1093,Syracuse University,Syracuse,NY,USA
INST1094,Qingdao Agricultural Universiry,Qingdao,Shandong,China
INST1095,Shandong Jianzhu University,Jinan,Shandong,China
INST1096,Shaanxi Electronic Technical College,Xi'an,SHAANXI,China
INST1097,School of Information,Beijing,,China
INST1098,Fujian University of Technology,Fuzhou,Fujian,China
INST1099,ISS of Wuhan University,Wuhan,Hubei Province,China
INST1100,Beijing University of Chemical Technology,"Chaoyang District, Beijing",Beijing,China
INST1101,Beijing University of Chemical Technology,"Caoyang District,",Beijing,China
INST1102,Bejing University of Chemical Technology,Chaoyang District,Beijing,China
INST1103,Beijing University of Chemical Technology,Chaoyang District,Beijing,China
INST1104,Yanshan University,Qinhuangdao,Hebei,China
INST1105,Northeast Normal University,Changchun,,China
INST1106,Jinhua Polytechnic,Jinhua,Zhejiang,China
INST1107,Hong Kong Baptist University,Kowloon,,Hong Kong
INST1108,Nanjing University,Nanjing,Qixia,China
INST1109,Inner Mongolia University of Finance and Economics,Hohhot,Inner Mongolia,China
INST1110,"University of International Business and Economics, School of Finance",Beijing,,China
INST1111,Huaibei Normal University,Huaibei,Anhui,China
INST1112,Xinjiang University,Urumqi,Xinjiang,China
INST1113,Shandong University,Jinan Shandong Province,Shandong Province,China
INST1114,Air Force Logistics College,Xuzhou,Jiangsu Province,China
INST1115,GuangDong Vocational College of Environmental Protetion Engineering,FoShan,GuangDong Province,China
INST1116,University of Cambridge,Cambridge,,United Kingdom
INST1117,Jinshan College of Fujian Agriculture and Forestry University,Fuzhou,Fujian,China
INST1118,Shenzhen Middle School,Shenzhen,Guangdong,China
INST1119,Universitat AutÃ²noma de Barcelona,Bellaterra,Barcelona,Spain
INST1120,Zhejiang A&F University,Hangzhou,Zhejiang,China
INST1121,ZHEJIANG UNIVERSITY,shanghai,shanghai,China
INST1122,"Zhejiang University, China","Hangzhou, Zhejiang Province",,China
INST1123,the Capital Normal University,Beijing,Asia,China
INST1124,Nottingham Trent University,Nottingham,,United Kingdom
INST1125,Chongqing University of Technology,Chongqing,Chongqing,China
INST1126,shenzhen unviersity,Shenzhen,Guandong,China
INST1127,Chengdu College of Univ. of Elec. Sci. and Tech. of China,Chengdu,Sichuan,China
INST1128,Wuhan University,"Wuchang,Wuhan",Hubei,China
INST1129,University of Stirling,Stirling,,Scotland
INST1130,Maggie Walker Governors School,Richmond,VA,USA
INST1131,Northeast Agricultural University,Harbin,Heilongjiang,China
INST1132,Ocean University of China,QingDao,ShangDong,China
INST1133,Bucknell University,Lewisburg,PA,USA
INST1134,Westminster College,New Wilmington,PA,USA
INST1135,University of Science And Techology Of China,HeFei,AnHui,China
INST1136,Virginia Military Institute,Lexington,VA,USA
INST1137,Scuola Monotecnica Superiore Dongemenese,Beijing Dongcheng District,Municipality of Beijing,China
INST1138,Clarkson University,Potsdam,NY,USA
INST1139,Appalachian State University,Boone,NC,USA
INST1140,Brown University,Providence,RI,USA
INST1141,Carnegie Mellon University,Pittsburgh,PA,USA
INST1142,Saint Louis University,St. Louis,MO,USA
INST1143,University of San Diego,San Diego,CA,USA
INST1144,Illinois Institute of Technology,CHICAGO,IL,USA
INST1145,Tufts University,Medford,MA,USA
INST1146,Minnesota State University Moorhead,Moorhead,MN,USA
INST1147,Xavier University,Cincinnati,OH,USA
INST1148,The University of Western Ontario,London,ON,Canada
INST1149,University of Kentucky,Lexington,KY,USA
INST1150,Mercer University,Macon,GA,USA
INST1151,Sewanee: the University of the South,Sewanee,Tennessee,USA
INST1152,Amherst College,Amherst,MA,USA
INST1153,University of West Georgia,Carrollton,GA,USA
INST1154,Midlands Technical College,Columbia,SC,USA
INST1155,Rhodes College,Memphis,TN,USA
INST1156,Carroll College,Helena,MT,USA
INST1157,Lafayette College,Easton,PA,USA
INST1158,University of Texas at Austin,Austin,TX,USA
INST1159,Eastern Michigan University,Ypsilanti,MI,USA
INST1160,York University,Toronto,Ontario,Canada
INST1161,Asbury University,Wilmore,KY,USA
INST1162,University of Pittsburgh,Pittsburgh,PA,USA
INST1163,Georgia Southern University,Statesboro,GA,USA
INST1164,Dalton State College,Dalton,GA,USA
INST1165,Richard Stockton College of New Jersey,Galloway,NJ,USA
INST1166,Southern Connecticut State University,New Haven,CT,USA
INST1167,University of Minnesota,Minneapolis,MN,USA
INST1168,Colby College,Waterville,ME,USA
INST1169,Ramapo College of New Jersey,Mahwah,NJ,USA
INST1170,PLA University of Science and Technology,Nanjing,Jiangsu,China
INST1171,Emory University,Atlanta,GA,USA
INST1172,Southeastern Oklahoma State University,Durant,OK,USA
INST1173,Anhui University of Technology,Ma'anshan,,China
INST1174,Xiamen University of Technology,Xiamen,Fujian,China
INST1175,UC Berkeley,Berkeley,CA,USA
INST1176,Universidad Autonoma de Yucatan,Merida,Yucatan,mexico
INST1177,university,Tianjing,Tianjing,China
INST1178,Nanchang Institute of Technology,Nanchang,Jiangxi,China
INST1179,Xi'an University of Finance & Economics,Xi'an,Shaanxi,China
INST1180,Liaoning Normal University,Dalian,Liaoning,China
INST1181,Jiangnan University,Wuxi,Jiangsu,China
INST1182,Yichun University,Yichun,Jiangxi,China
INST1183,"School of Mathematical Sciences,Nanjing Normal University",Nanjing,Jiangsu,China
INST1184,Southwest petroleum university,Chengdu,,China
INST1185,Colorado State University,Fort Collins,CO,USA
INST1186,The Stony Brook School,Stony Brook,NY,USA
INST1187,Wuxi Big Bridge Academy,Wuxi,Jiangsu,China
INST1188,Davidson College,Davidson,NC,USA
INST1189,Slippery Rock University,Slippery Rock,PA,USA
INST1190,Xiâ€™an University of Finance & Economics,Xi'an,Shaanxi,China
INST1191,Shandong University of Finance and Economics,Jinan,Shandong Province,China
INST1192,Northwest University for Nationalities,Lanzhou,Gansu,China
INST1193,Cornell University,Ithaca,NY,USA
INST1194,Wuhan Uniersity,Wuhan,Hubei,China
INST1195,Hefei Normal University,Hefei,Anhui,China
INST1196,Rensselaer Polytechnic Institute,Troy,NY,USA
INST1197,Beijing Wuzi University,Beijing,Beijing,China
INST1198,University of Sci&Tech of China,Hefei,Anhui,China
INST1199,"International Institute of Information Technology, Hyderabad",Hyderabad,Telangana,India
INST1200,University of Helsinki,Helsinki,N/A,Finland
INST1201,Paivola School of Mathematics,Tarttila,,Finland
INST1202,Northwest University for Nationalities,Gansu,Lanzhou,China
INST1203,Albion College,Albion,MI,USA
INST1204,Shandong Experimental High School,Jinan,Shandong,China
INST1205,College of Mobile Telecommunications. Chongqing University of Posts and Telecom.,Chongqing,,China
INST1206,QuFu Normal University,Ji ning,Shan Dong,China
INST1207,Maths,Shanghai,,China
INST1208,University of Central Florida,Orlando,FL,USA
INST1209,"Northwestern Polytechnical University, P.R.CHINA",XI'AN,SHAANXI,China
INST1210,Kwangwoon University,Seoul,,South Korea
INST1211,Shandong University,æµŽå�—å¸‚,å±±ä¸œçœ�,China
INST1212,Zhengzhou University,Zheng zhou,He nan,China
INST1213,University of Maryland,College Park,MD,USA
INST1214,Bard College,Annandale-on-Hudson,NY,USA
INST1215,Beihang Univeristy,Beiing,,China
INST1216,Missouri Southern State University,Joplin,MO,USA
INST1217,Coe College,Cedar Rapids,IA,USA
INST1218,Penn State Abington,Abington,PA,USA
INST1219,The Pennsylvania State University,University Park,PA,USA
INST1220,Purdue University,West Lafayette,IN,USA
INST1221,University of Wisconsin - La Crosse,La Crosse,WI,USA
INST1222,Winthrop University,Rock Hill,SC,USA
INST1223,Georgetown University,Washington,DC,USA
INST1224,Salisbury University,Salisbury,MD,USA
INST1225,Morehead State University,Morehead,KY,USA
INST1226,University of Oklahoma,Norman,OK,USA
INST1227,Sonoma State University,Rohnert Park,CA,USA
INST1228,Oregon State University,Corvallis,OR,USA
